{"cameraMode":{"drawMode":0,"name":"Shaded","section":"Shading Mode"},"sceneLighting":true,"audioPlay":false,"sceneViewState":{"m_AlwaysRefresh":false,"showFog":true,"showSkybox":true,"showFlares":true,"showImageEffects":true,"showParticleSystems":true,"showVisualEffectGraphs":true,"m_FxEnabled":true},"in2DMode":false,"pivot":{"x":-2.1494388580322267,"y":8.745807647705079,"z":108.71521759033203},"rotation":{"x":0.011688328348100186,"y":-0.009900772012770176,"z":-0.0001502599916420877,"w":-0.9999212622642517},"size":63.85722732543945,"orthographic":false}